round,pickInRound,overallPick,teamId,teamAbbrev,teamLogoLight,teamLogoDark,teamPickHistory,positionCode,countryCode,height,weight,amateurLeague,amateurClubName,year,scrapedOn,source,teamName.default,teamName.fr,teamCommonName.default,teamPlaceNameWithPreposition.default,teamPlaceNameWithPreposition.fr,displayAbbrev.default,firstName.default,lastName.default,teamCommonName.fr
1,1,1,2,NYI,https://assets.nhle.com/logos/nhl/svg/NYI_light.svg,https://assets.nhle.com/logos/nhl/svg/NYI_dark.svg,NYI,D,CAN,74,186,OHL,Erie,2025,2026-01-02T20:32:03.315224,NHL Draft API,New York Islanders,Islanders de New York,Islanders,New York,de New York,NYI,Matthew,Schaefer,
1,2,2,28,SJS,https://assets.nhle.com/logos/nhl/svg/SJS_light.svg,https://assets.nhle.com/logos/nhl/svg/SJS_dark.svg,SJS,C,CAN,73,182,OHL,Saginaw,2025,2026-01-02T20:32:03.315224,NHL Draft API,San Jose Sharks,Sharks de San Jose,Sharks,San Jose,de San Jose,SJS,Michael,Misa,
1,3,3,16,CHI,https://assets.nhle.com/logos/nhl/svg/CHI_19981999-20242025_light.svg,https://assets.nhle.com/logos/nhl/svg/CHI_19981999-20242025_dark.svg,CHI,C,SWE,74,204,SWEDEN-2,Djurgarden,2025,2026-01-02T20:32:03.315224,NHL Draft API,Chicago Blackhawks,Blackhawks de Chicago,Blackhawks,Chicago,de Chicago,CHI,Anton,Frondell,
1,4,4,68,UTA,https://assets.nhle.com/logos/nhl/svg/UTA_light.svg?season=20252026,https://assets.nhle.com/logos/nhl/svg/UTA_dark.svg?season=20252026,UTA,C,CAN,74,182,QMJHL,Moncton,2025,2026-01-02T20:32:03.315224,NHL Draft API,Utah Mammoth,Mammoth de l'Utah,Mammoth,Utah,de l'Utah,UTA,Caleb,Desnoyers,
1,5,5,18,NSH,https://assets.nhle.com/logos/nhl/svg/NSH_light.svg,https://assets.nhle.com/logos/nhl/svg/NSH_dark.svg,NSH,C,CAN,72,186,OHL,Sault Ste. Marie,2025,2026-01-02T20:32:03.315224,NHL Draft API,Nashville Predators,Predators de Nashville,Predators,Nashville,de Nashville,NSH,Brady,Martin,
1,6,6,4,PHI,https://assets.nhle.com/logos/nhl/svg/PHI_light.svg,https://assets.nhle.com/logos/nhl/svg/PHI_dark.svg,PHI,RW,CAN,75,204,OHL,Brampton,2025,2026-01-02T20:32:03.315224,NHL Draft API,Philadelphia Flyers,Flyers de Philadelphie,Flyers,Philadelphia,de Philadelphie,PHI,Porter,Martone,
1,7,7,6,BOS,https://assets.nhle.com/logos/nhl/svg/BOS_20242025-20242025_light.svg,https://assets.nhle.com/logos/nhl/svg/BOS_20242025-20242025_dark.svg,BOS,C,USA,71,186,H-EAST,Boston College,2025,2026-01-02T20:32:03.315224,NHL Draft API,Boston Bruins,Bruins de Boston,Bruins,Boston,de Boston,BOS,James,Hagens,
1,8,8,55,SEA,https://assets.nhle.com/logos/nhl/svg/SEA_light.svg,https://assets.nhle.com/logos/nhl/svg/SEA_dark.svg,SEA,C,CAN,74,177,OHL,Brantford,2025,2026-01-02T20:32:03.315224,NHL Draft API,Seattle Kraken,Kraken de Seattle,Kraken,Seattle,de Seattle,SEA,Jake,O'Brien,
1,9,9,7,BUF,https://assets.nhle.com/logos/nhl/svg/BUF_light.svg,https://assets.nhle.com/logos/nhl/svg/BUF_dark.svg,BUF,D,CZE,78,218,WHL,Seattle,2025,2026-01-02T20:32:03.315224,NHL Draft API,Buffalo Sabres,Sabres de Buffalo,Sabres,Buffalo,de Buffalo,BUF,Radim,Mrtka,
1,10,10,24,ANA,https://assets.nhle.com/logos/nhl/svg/ANA_light.svg,https://assets.nhle.com/logos/nhl/svg/ANA_dark.svg,ANA,C,CAN,78,198,WHL,Brandon,2025,2026-01-02T20:32:03.315224,NHL Draft API,Anaheim Ducks,Ducks d'Anaheim,Ducks,Anaheim,d'Anaheim,ANA,Roger,McQueen,
1,11,11,5,PIT,https://assets.nhle.com/logos/nhl/svg/PIT_light.svg,https://assets.nhle.com/logos/nhl/svg/PIT_dark.svg,PIT,C,CAN,71,180,WHL,Calgary,2025,2026-01-02T20:32:03.315224,NHL Draft API,Pittsburgh Penguins,Penguins de Pittsburgh,Penguins,Pittsburgh,de Pittsburgh,PIT,Benjamin,Kindel,
1,12,12,4,PHI,https://assets.nhle.com/logos/nhl/svg/PHI_light.svg,https://assets.nhle.com/logos/nhl/svg/PHI_dark.svg,NYR-VAN-PIT-PHI,C,CAN,77,186,OHL,Windsor,2025,2026-01-02T20:32:03.315224,NHL Draft API,Philadelphia Flyers,Flyers de Philadelphie,Flyers,Philadelphia,de Philadelphie,PHI,Jack,Nesbitt,
1,13,13,17,DET,https://assets.nhle.com/logos/nhl/svg/DET_light.svg,https://assets.nhle.com/logos/nhl/svg/DET_dark.svg,DET,LW,CAN,72,179,WHL,Everett,2025,2026-01-02T20:32:03.315224,NHL Draft API,Detroit Red Wings,Red Wings de Detroit,Red Wings,Detroit,de Detroit,DET,Carter,Bear,
1,14,14,29,CBJ,https://assets.nhle.com/logos/nhl/svg/CBJ_light.svg,https://assets.nhle.com/logos/nhl/svg/CBJ_dark.svg,CBJ,D,CAN,76,199,WHL,Tri-City,2025,2026-01-02T20:32:03.315224,NHL Draft API,Columbus Blue Jackets,Blue Jackets de Columbus,Blue Jackets,Columbus,de Columbus,CBJ,Jackson,Smith,
1,15,15,23,VAN,https://assets.nhle.com/logos/nhl/svg/VAN_light.svg,https://assets.nhle.com/logos/nhl/svg/VAN_dark.svg,VAN,C,CAN,72,186,WHL,Seattle,2025,2026-01-02T20:32:03.315224,NHL Draft API,Vancouver Canucks,Canucks de Vancouver,Canucks,Vancouver,de Vancouver,VAN,Braeden,Cootes,
1,16,16,2,NYI,https://assets.nhle.com/logos/nhl/svg/NYI_light.svg,https://assets.nhle.com/logos/nhl/svg/NYI_dark.svg,CGY-MTL-NYI,RW,SWE,71,169,SWEDEN-2,Djurgarden,2025,2026-01-02T20:32:03.315224,NHL Draft API,New York Islanders,Islanders de New York,Islanders,New York,de New York,NYI,Victor,Eklund,
1,17,17,2,NYI,https://assets.nhle.com/logos/nhl/svg/NYI_light.svg,https://assets.nhle.com/logos/nhl/svg/NYI_dark.svg,MTL-NYI,D,CAN,74,199,OHL,Barrie,2025,2026-01-02T20:32:03.315224,NHL Draft API,New York Islanders,Islanders de New York,Islanders,New York,de New York,NYI,Kashawn,Aitcheson,
1,18,18,20,CGY,https://assets.nhle.com/logos/nhl/svg/CGY_light.svg,https://assets.nhle.com/logos/nhl/svg/CGY_dark.svg,NJD-CGY,C,CAN,71,180,WHL,Victoria,2025,2026-01-02T20:32:03.315224,NHL Draft API,Calgary Flames,Flames de Calgary,Flames,Calgary,de Calgary,CGY,Cole,Reschny,
1,19,19,19,STL,https://assets.nhle.com/logos/nhl/svg/STL_20082009-20242025_light.svg,https://assets.nhle.com/logos/nhl/svg/STL_20082009-20242025_dark.svg,STL,RW,CAN,74,205,QMJHL,Blainville-Boisbriand,2025,2026-01-02T20:32:03.315224,NHL Draft API,St. Louis Blues,Blues de St. Louis,Blues,St. Louis,de St. Louis,STL,Justin,Carbonneau,
1,20,20,29,CBJ,https://assets.nhle.com/logos/nhl/svg/CBJ_light.svg,https://assets.nhle.com/logos/nhl/svg/CBJ_dark.svg,MIN-CBJ,G,RUS,72,207,RUSSIA-JR.,CSKA Jr.,2025,2026-01-02T20:32:03.315224,NHL Draft API,Columbus Blue Jackets,Blue Jackets de Columbus,Blue Jackets,Columbus,de Columbus,CBJ,Pyotr,Andreyanov,
1,21,21,18,NSH,https://assets.nhle.com/logos/nhl/svg/NSH_light.svg,https://assets.nhle.com/logos/nhl/svg/NSH_dark.svg,OTT-NSH,D,CAN,72,183,OHL,Kitchener,2025,2026-01-02T20:32:03.315224,NHL Draft API,Nashville Predators,Predators de Nashville,Predators,Nashville,de Nashville,NSH,Cameron,Reid,
1,22,22,5,PIT,https://assets.nhle.com/logos/nhl/svg/PIT_light.svg,https://assets.nhle.com/logos/nhl/svg/PIT_dark.svg,COL-PHI-PIT,RW,CAN,74,185,QMJHL,Rouyn-Noranda,2025,2026-01-02T20:32:03.315224,NHL Draft API,Pittsburgh Penguins,Penguins de Pittsburgh,Penguins,Pittsburgh,de Pittsburgh,PIT,Bill,Zonnon,
1,23,23,9,OTT,https://assets.nhle.com/logos/nhl/svg/OTT_light.svg,https://assets.nhle.com/logos/nhl/svg/OTT_dark.svg,TBL-NSH-OTT,D,USA,75,198,BIG10,Wisconsin,2025,2026-01-02T20:32:03.315224,NHL Draft API,Ottawa Senators,Sénateurs d'Ottawa,Senators,Ottawa,d'Ottawa,OTT,Logan,Hensler,Sénateurs
1,24,24,5,PIT,https://assets.nhle.com/logos/nhl/svg/PIT_light.svg,https://assets.nhle.com/logos/nhl/svg/PIT_dark.svg,LAK-PIT,C,CAN,77,203,BIG10,Michigan,2025,2026-01-02T20:32:03.315224,NHL Draft API,Pittsburgh Penguins,Penguins de Pittsburgh,Penguins,Pittsburgh,de Pittsburgh,PIT,William,Horcoff,
1,25,25,16,CHI,https://assets.nhle.com/logos/nhl/svg/CHI_19981999-20242025_light.svg,https://assets.nhle.com/logos/nhl/svg/CHI_19981999-20242025_dark.svg,TOR-CHI,RW,CZE,78,185,USHL,Muskegon,2025,2026-01-02T20:32:03.315224,NHL Draft API,Chicago Blackhawks,Blackhawks de Chicago,Blackhawks,Chicago,de Chicago,CHI,Vaclav,Nestrasil,
1,26,26,18,NSH,https://assets.nhle.com/logos/nhl/svg/NSH_light.svg,https://assets.nhle.com/logos/nhl/svg/NSH_dark.svg,VGK-SJS-NSH,RW,USA,73,185,USHL,Madison,2025,2026-01-02T20:32:03.315224,NHL Draft API,Nashville Predators,Predators de Nashville,Predators,Nashville,de Nashville,NSH,Ryker,Lee,
1,27,27,15,WSH,https://assets.nhle.com/logos/nhl/svg/WSH_secondary_light.svg,https://assets.nhle.com/logos/nhl/svg/WSH_secondary_dark.svg,WSH,LW,CAN,76,200,WHL,Moose Jaw,2025,2026-01-02T20:32:03.315224,NHL Draft API,Washington Capitals,Capitals de Washington,Capitals,Washington,de Washington,WSH,Lynden,Lakovic,
1,28,28,52,WPG,https://assets.nhle.com/logos/nhl/svg/WPG_light.svg,https://assets.nhle.com/logos/nhl/svg/WPG_dark.svg,WPG,D,FIN,74,184,H-EAST,Boston University,2025,2026-01-02T20:32:03.315224,NHL Draft API,Winnipeg Jets,Jets de Winnipeg,Jets,Winnipeg,de Winnipeg,WPG,Sascha,Boumedienne,
1,29,29,16,CHI,https://assets.nhle.com/logos/nhl/svg/CHI_19981999-20242025_light.svg,https://assets.nhle.com/logos/nhl/svg/CHI_19981999-20242025_dark.svg,CAR-CHI,C,USA,79,218,HIGH-MN,Edina,2025,2026-01-02T20:32:03.315224,NHL Draft API,Chicago Blackhawks,Blackhawks de Chicago,Blackhawks,Chicago,de Chicago,CHI,Mason,West,
1,30,30,28,SJS,https://assets.nhle.com/logos/nhl/svg/SJS_light.svg,https://assets.nhle.com/logos/nhl/svg/SJS_dark.svg,DAL-SJS,G,CAN,78,191,WHL,Prince George,2025,2026-01-02T20:32:03.315224,NHL Draft API,San Jose Sharks,Sharks de San Jose,Sharks,San Jose,de San Jose,SJS,Joshua,Ravensbergen,
1,31,31,26,LAK,https://assets.nhle.com/logos/nhl/svg/LAK_light.svg,https://assets.nhle.com/logos/nhl/svg/LAK_dark.svg,EDM-PHI-PIT-LAK,D,USA,74,203,OHL,London,2025,2026-01-02T20:32:03.315224,NHL Draft API,Los Angeles Kings,Kings de Los Angeles,Kings,Los Angeles,de Los Angeles,LAK,Henry,Brzustewicz,
1,32,32,20,CGY,https://assets.nhle.com/logos/nhl/svg/CGY_light.svg,https://assets.nhle.com/logos/nhl/svg/CGY_dark.svg,FLA-CGY,C,USA,70,172,NCHC,Arizona State,2025,2026-01-02T20:32:03.315224,NHL Draft API,Calgary Flames,Flames de Calgary,Flames,Calgary,de Calgary,CGY,Cullen,Potter,
2,1,33,28,SJS,https://assets.nhle.com/logos/nhl/svg/SJS_light.svg,https://assets.nhle.com/logos/nhl/svg/SJS_dark.svg,SJS,D,CHN,78,222,OHL,Oshawa,2025,2026-01-02T20:32:03.315224,NHL Draft API,San Jose Sharks,Sharks de San Jose,Sharks,San Jose,de San Jose,SJS,Simon (Haoxi),Wang,
2,2,34,8,MTL,https://assets.nhle.com/logos/nhl/svg/MTL_light.svg,https://assets.nhle.com/logos/nhl/svg/MTL_dark.svg,CHI-CAR-MTL,RW,RUS,73,163,RUSSIA-JR.,Ufa Jr.,2025,2026-01-02T20:32:03.315224,NHL Draft API,Montréal Canadiens,Canadiens de Montréal,Canadiens,Montréal,de Montréal,MTL,Alexander,Zharovsky,
2,3,35,18,NSH,https://assets.nhle.com/logos/nhl/svg/NSH_light.svg,https://assets.nhle.com/logos/nhl/svg/NSH_dark.svg,NSH,D,USA,79,209,USHL,Lincoln,2025,2026-01-02T20:32:03.315224,NHL Draft API,Nashville Predators,Predators de Nashville,Predators,Nashville,de Nashville,NSH,Jacob,Rombach,
2,4,36,55,SEA,https://assets.nhle.com/logos/nhl/svg/SEA_light.svg,https://assets.nhle.com/logos/nhl/svg/SEA_dark.svg,PHI-SEA,D,USA,77,220,WHL,Edmonton,2025,2026-01-02T20:32:03.315224,NHL Draft API,Seattle Kraken,Kraken de Seattle,Kraken,Seattle,de Seattle,SEA,Blake,Fiddler,
2,5,37,15,WSH,https://assets.nhle.com/logos/nhl/svg/WSH_secondary_light.svg,https://assets.nhle.com/logos/nhl/svg/WSH_secondary_dark.svg,BOS-WSH,C,SWE,73,194,SWEDEN-JR.,Modo Jr.,2025,2026-01-02T20:32:03.315224,NHL Draft API,Washington Capitals,Capitals de Washington,Capitals,Washington,de Washington,WSH,Milton,Gastrin,
2,6,38,4,PHI,https://assets.nhle.com/logos/nhl/svg/PHI_light.svg,https://assets.nhle.com/logos/nhl/svg/PHI_dark.svg,SEA-PHI,D,USA,78,232,NTDP - USHL,USA U-18,2025,2026-01-02T20:32:03.315224,NHL Draft API,Philadelphia Flyers,Flyers de Philadelphie,Flyers,Philadelphia,de Philadelphie,PHI,Carter,Amico,
2,7,39,5,PIT,https://assets.nhle.com/logos/nhl/svg/PIT_light.svg,https://assets.nhle.com/logos/nhl/svg/PIT_dark.svg,BUF-PIT,D,CAN,78,195,WHL,Swift Current,2025,2026-01-02T20:32:03.315224,NHL Draft API,Pittsburgh Penguins,Penguins de Pittsburgh,Penguins,Pittsburgh,de Pittsburgh,PIT,Peyton,Kettles,
2,8,40,4,PHI,https://assets.nhle.com/logos/nhl/svg/PHI_light.svg,https://assets.nhle.com/logos/nhl/svg/PHI_dark.svg,ANA-PHI,LW,USA,73,198,NTDP - USHL,USA U-18,2025,2026-01-02T20:32:03.315224,NHL Draft API,Philadelphia Flyers,Flyers de Philadelphie,Flyers,Philadelphia,de Philadelphie,PHI,Jack,Murtagh,
2,9,41,12,CAR,https://assets.nhle.com/logos/nhl/svg/CAR_light.svg,https://assets.nhle.com/logos/nhl/svg/CAR_dark.svg,PIT-MTL-CAR,G,RUS,75,203,RUSSIA-JR.,Spartak Jr.,2025,2026-01-02T20:32:03.315224,NHL Draft API,Carolina Hurricanes,Hurricanes de la Caroline,Hurricanes,Carolina,de la Caroline,CAR,Semyon,Frolov,
2,10,42,2,NYI,https://assets.nhle.com/logos/nhl/svg/NYI_light.svg,https://assets.nhle.com/logos/nhl/svg/NYI_dark.svg,NYI,RW,RUS,78,219,RUSSIA-JR.,Dynamo St. Petersburg Jr.,2025,2026-01-02T20:32:03.315224,NHL Draft API,New York Islanders,Islanders de New York,Islanders,New York,de New York,NYI,Daniil,Prokhorov,
2,11,43,3,NYR,https://assets.nhle.com/logos/nhl/svg/NYR_light.svg,https://assets.nhle.com/logos/nhl/svg/NYR_dark.svg,NYR-UTA-COL-NYR,LW,CAN,73,190,OHL,Erie,2025,2026-01-02T20:32:03.315224,NHL Draft API,New York Rangers,Rangers de New York,Rangers,New York,de New York,NYR,Malcolm,Spence,
2,12,44,17,DET,https://assets.nhle.com/logos/nhl/svg/DET_light.svg,https://assets.nhle.com/logos/nhl/svg/DET_dark.svg,DET,RW,SWE,74,205,SWEDEN,Linkoping,2025,2026-01-02T20:32:03.315224,NHL Draft API,Detroit Red Wings,Red Wings de Detroit,Red Wings,Detroit,de Detroit,DET,Eddie,Genborg,
2,13,45,24,ANA,https://assets.nhle.com/logos/nhl/svg/ANA_light.svg,https://assets.nhle.com/logos/nhl/svg/ANA_dark.svg,CBJ-PHI-ANA,C,CAN,72,166,SWEDEN-JR.,Djurgarden Jr.,2025,2026-01-02T20:32:03.315224,NHL Draft API,Anaheim Ducks,Ducks d'Anaheim,Ducks,Anaheim,d'Anaheim,ANA,Eric,Nilson,
2,14,46,68,UTA,https://assets.nhle.com/logos/nhl/svg/UTA_light.svg?season=20252026,https://assets.nhle.com/logos/nhl/svg/UTA_dark.svg?season=20252026,UTA,D,CZE,77,185,WHL,Portland,2025,2026-01-02T20:32:03.315224,NHL Draft API,Utah Mammoth,Mammoth de l'Utah,Mammoth,Utah,de l'Utah,UTA,Max,Psenicka,
2,15,47,23,VAN,https://assets.nhle.com/logos/nhl/svg/VAN_light.svg,https://assets.nhle.com/logos/nhl/svg/VAN_dark.svg,VAN,G,RUS,75,180,OHL,London,2025,2026-01-02T20:32:03.315224,NHL Draft API,Vancouver Canucks,Canucks de Vancouver,Canucks,Vancouver,de Vancouver,VAN,Alexei,Medvedev,
2,16,48,4,PHI,https://assets.nhle.com/logos/nhl/svg/PHI_light.svg,https://assets.nhle.com/logos/nhl/svg/PHI_dark.svg,CGY-PHI,RW,USA,75,212,BIG10,Michigan State U.,2025,2026-01-02T20:32:03.315224,NHL Draft API,Philadelphia Flyers,Flyers de Philadelphie,Flyers,Philadelphia,de Philadelphie,PHI,Shane,Vansaghi,
2,17,49,12,CAR,https://assets.nhle.com/logos/nhl/svg/CAR_light.svg,https://assets.nhle.com/logos/nhl/svg/CAR_dark.svg,MTL-CAR,C,USA,72,190,BIG10,Penn State U.,2025,2026-01-02T20:32:03.315224,NHL Draft API,Carolina Hurricanes,Hurricanes de la Caroline,Hurricanes,Carolina,de la Caroline,CAR,Charlie,Cerrato,
2,18,50,1,NJD,https://assets.nhle.com/logos/nhl/svg/NJD_light.svg,https://assets.nhle.com/logos/nhl/svg/NJD_dark.svg,NJD,C,USA,72,202,NTDP - USHL,USA U-18,2025,2026-01-02T20:32:03.315224,NHL Draft API,New Jersey Devils,Devils du New Jersey,Devils,New Jersey,du New Jersey,NJD,Conrad,Fondrk,
2,19,51,6,BOS,https://assets.nhle.com/logos/nhl/svg/BOS_20242025-20242025_light.svg,https://assets.nhle.com/logos/nhl/svg/BOS_20242025-20242025_dark.svg,STL-PIT-STL-EDM-BOS,C,CAN,75,180,NTDP - USHL,USA U-18,2025,2026-01-02T20:32:03.315224,NHL Draft API,Boston Bruins,Bruins de Boston,Bruins,Boston,de Boston,BOS,William,Moore,
2,20,52,30,MIN,https://assets.nhle.com/logos/nhl/svg/MIN_light.svg,https://assets.nhle.com/logos/nhl/svg/MIN_dark.svg,MIN,D,SWE,74,186,SWEDEN-JR.,Orebro Jr.,2025,2026-01-02T20:32:03.315224,NHL Draft API,Minnesota Wild,Wild du Minnesota,Wild,Minnesota,du Minnesota,MIN,Theodor,Hallquisth,
2,21,53,28,SJS,https://assets.nhle.com/logos/nhl/svg/SJS_light.svg,https://assets.nhle.com/logos/nhl/svg/SJS_dark.svg,OTT-SJS,C,USA,72,200,NTDP - USHL,USA U-18,2025,2026-01-02T20:32:03.315224,NHL Draft API,San Jose Sharks,Sharks de San Jose,Sharks,San Jose,de San Jose,SJS,Cole,McKinney,
2,22,54,20,CGY,https://assets.nhle.com/logos/nhl/svg/CGY_light.svg,https://assets.nhle.com/logos/nhl/svg/CGY_dark.svg,COL-WSH-CGY,C,SWE,75,196,SWEDEN-JR.,Djurgarden Jr.,2025,2026-01-02T20:32:03.315224,NHL Draft API,Calgary Flames,Flames de Calgary,Flames,Calgary,de Calgary,CGY,Theo,Stockselius,
2,23,55,54,VGK,https://assets.nhle.com/logos/nhl/svg/VGK_light.svg,https://assets.nhle.com/logos/nhl/svg/VGK_dark.svg,TBL-NSH-VGK,RW,AUS,75,190,SWEDEN-JR.,Lulea Jr.,2025,2026-01-02T20:32:03.315224,NHL Draft API,Vegas Golden Knights,Golden Knights de Vegas,Golden Knights,Vegas,de Vegas,VGK,Jakob,Ihs Wozniak,
2,24,56,14,TBL,https://assets.nhle.com/logos/nhl/svg/TBL_light.svg,https://assets.nhle.com/logos/nhl/svg/TBL_dark.svg,LAK-TBL,C,CAN,74,178,OHL,Niagara,2025,2026-01-02T20:32:03.315224,NHL Draft API,Tampa Bay Lightning,Lightning de Tampa Bay,Lightning,Tampa Bay,de Tampa Bay,TBL,Ethan,Czata,
2,25,57,4,PHI,https://assets.nhle.com/logos/nhl/svg/PHI_light.svg,https://assets.nhle.com/logos/nhl/svg/PHI_dark.svg,TOR-UTA-TBL-SEA-PHI,C,CAN,77,195,WHL,Red Deer,2025,2026-01-02T20:32:03.315224,NHL Draft API,Philadelphia Flyers,Flyers de Philadelphie,Flyers,Philadelphia,de Philadelphie,PHI,Matthew,Gard,
2,26,58,18,NSH,https://assets.nhle.com/logos/nhl/svg/NSH_light.svg,https://assets.nhle.com/logos/nhl/svg/NSH_dark.svg,VGK-NSH,G,CAN,72,173,OHL,Brampton,2025,2026-01-02T20:32:03.315224,NHL Draft API,Nashville Predators,Predators de Nashville,Predators,Nashville,de Nashville,NSH,Jack,Ivankovic,
2,27,59,26,LAK,https://assets.nhle.com/logos/nhl/svg/LAK_light.svg,https://assets.nhle.com/logos/nhl/svg/LAK_dark.svg,WSH-PIT-LAK,LW,CZE,73,180,CZECHIA,Karlovy Vary,2025,2026-01-02T20:32:03.315224,NHL Draft API,Los Angeles Kings,Kings de Los Angeles,Kings,Los Angeles,de Los Angeles,LAK,Vojtech,Cihar,
2,28,60,24,ANA,https://assets.nhle.com/logos/nhl/svg/ANA_light.svg,https://assets.nhle.com/logos/nhl/svg/ANA_dark.svg,WPG-NJD-ANA,D,FIN,73,190,FINLAND-JR.,Assat Jr.,2025,2026-01-02T20:32:03.315224,NHL Draft API,Anaheim Ducks,Ducks d'Anaheim,Ducks,Anaheim,d'Anaheim,ANA,Lasse,Boelius,
2,29,61,6,BOS,https://assets.nhle.com/logos/nhl/svg/BOS_20242025-20242025_light.svg,https://assets.nhle.com/logos/nhl/svg/BOS_20242025-20242025_dark.svg,CAR-COL-BOS,D,SWE,74,170,SWEDEN-JR.,Vaxjo Jr.,2025,2026-01-02T20:32:03.315224,NHL Draft API,Boston Bruins,Bruins de Boston,Bruins,Boston,de Boston,BOS,Liam,Pettersson,
2,30,62,12,CAR,https://assets.nhle.com/logos/nhl/svg/CAR_light.svg,https://assets.nhle.com/logos/nhl/svg/CAR_dark.svg,DAL-CHI-CAR,C,RUS,71,210,USHL,Muskegon,2025,2026-01-02T20:32:03.315224,NHL Draft API,Carolina Hurricanes,Hurricanes de la Caroline,Hurricanes,Carolina,de la Caroline,CAR,Ivan,Ryabkin,
2,31,63,1,NJD,https://assets.nhle.com/logos/nhl/svg/NJD_light.svg,https://assets.nhle.com/logos/nhl/svg/NJD_dark.svg,EDM-UTA-NJD,RW,USA,73,179,USHL,Des Moines,2025,2026-01-02T20:32:03.315224,NHL Draft API,New Jersey Devils,Devils du New Jersey,Devils,New Jersey,du New Jersey,NJD,Ben,Kevan,
2,32,64,10,TOR,https://assets.nhle.com/logos/nhl/svg/TOR_light.svg,https://assets.nhle.com/logos/nhl/svg/TOR_dark.svg,FLA-TOR,C,SVN,76,189,SWEDEN-JR.,Leksand Jr.,2025,2026-01-02T20:32:03.315224,NHL Draft API,Toronto Maple Leafs,Maple Leafs de Toronto,Maple Leafs,Toronto,de Toronto,TOR,Tinus Luc,Koblar,
3,1,65,23,VAN,https://assets.nhle.com/logos/nhl/svg/VAN_light.svg,https://assets.nhle.com/logos/nhl/svg/VAN_dark.svg,SJS-VGK-NYR-VAN,C,CAN,73,184,HIGH-ON,St. Andrews College,2025,2026-01-02T20:32:03.315224,NHL Draft API,Vancouver Canucks,Canucks de Vancouver,Canucks,Vancouver,de Vancouver,VAN,Kieren,Dervin,
3,2,66,16,CHI,https://assets.nhle.com/logos/nhl/svg/CHI_19981999-20242025_light.svg,https://assets.nhle.com/logos/nhl/svg/CHI_19981999-20242025_dark.svg,CHI-CAR-CHI,RW,CAN,74,202,WHL,Kamloops,2025,2026-01-02T20:32:03.315224,NHL Draft API,Chicago Blackhawks,Blackhawks de Chicago,Blackhawks,Chicago,de Chicago,CHI,Nathan,Behm,
3,3,67,12,CAR,https://assets.nhle.com/logos/nhl/svg/CAR_light.svg,https://assets.nhle.com/logos/nhl/svg/CAR_dark.svg,NSH-OTT-LAK-CAR,D,RUS,76,190,RUSSIA-JR.,Dynamo Moscow Jr.,2025,2026-01-02T20:32:03.315224,NHL Draft API,Carolina Hurricanes,Hurricanes de la Caroline,Hurricanes,Carolina,de la Caroline,CAR,Kurban,Limatov,
3,4,68,55,SEA,https://assets.nhle.com/logos/nhl/svg/SEA_light.svg,https://assets.nhle.com/logos/nhl/svg/SEA_dark.svg,PHI-SEA,D,CAN,75,188,QMJHL,Acadie-Bathurst,2025,2026-01-02T20:32:03.315224,NHL Draft API,Seattle Kraken,Kraken de Seattle,Kraken,Seattle,de Seattle,SEA,Will,Reynolds,
3,5,69,8,MTL,https://assets.nhle.com/logos/nhl/svg/MTL_light.svg,https://assets.nhle.com/logos/nhl/svg/MTL_dark.svg,BOS-MTL,C,CAN,77,202,WHL,Kelowna,2025,2026-01-02T20:32:03.315224,NHL Draft API,Montréal Canadiens,Canadiens de Montréal,Canadiens,Montréal,de Montréal,MTL,Hayden,Paupanekis,
3,6,70,3,NYR,https://assets.nhle.com/logos/nhl/svg/NYR_light.svg,https://assets.nhle.com/logos/nhl/svg/NYR_dark.svg,SEA-NYR,D,USA,78,214,USHL,Dubuque,2025,2026-01-02T20:32:03.315224,NHL Draft API,New York Rangers,Rangers de New York,Rangers,New York,de New York,NYR,Sean,Barnhill,
3,7,71,7,BUF,https://assets.nhle.com/logos/nhl/svg/BUF_light.svg,https://assets.nhle.com/logos/nhl/svg/BUF_dark.svg,BUF,D,CAN,77,221,OHL,Owen Sound,2025,2026-01-02T20:32:03.315224,NHL Draft API,Buffalo Sabres,Sabres de Buffalo,Sabres,Buffalo,de Buffalo,BUF,David,Bedkowski,
3,8,72,24,ANA,https://assets.nhle.com/logos/nhl/svg/ANA_light.svg,https://assets.nhle.com/logos/nhl/svg/ANA_dark.svg,ANA,C,CAN,72,170,OHL,London,2025,2026-01-02T20:32:03.315224,NHL Draft API,Anaheim Ducks,Ducks d'Anaheim,Ducks,Anaheim,d'Anaheim,ANA,Noah,Read,
3,9,73,5,PIT,https://assets.nhle.com/logos/nhl/svg/PIT_light.svg,https://assets.nhle.com/logos/nhl/svg/PIT_dark.svg,PIT,D,USA,73,200,NTDP - USHL,USA U-18,2025,2026-01-02T20:32:03.315224,NHL Draft API,Pittsburgh Penguins,Penguins de Pittsburgh,Penguins,Pittsburgh,de Pittsburgh,PIT,Charlton,Trethewey,
3,10,74,2,NYI,https://assets.nhle.com/logos/nhl/svg/NYI_light.svg,https://assets.nhle.com/logos/nhl/svg/NYI_dark.svg,NYI,C,CAN,72,177,OHL,Kitchener,2025,2026-01-02T20:32:03.315224,NHL Draft API,New York Islanders,Islanders de New York,Islanders,New York,de New York,NYI,Luca,Romano,
3,11,75,17,DET,https://assets.nhle.com/logos/nhl/svg/DET_light.svg,https://assets.nhle.com/logos/nhl/svg/DET_dark.svg,NYR-UTA-DET,G,SVK,77,199,USHL,Tri-City,2025,2026-01-02T20:32:03.315224,NHL Draft API,Detroit Red Wings,Red Wings de Detroit,Red Wings,Detroit,de Detroit,DET,Michal,Pradel,
3,12,76,29,CBJ,https://assets.nhle.com/logos/nhl/svg/CBJ_light.svg,https://assets.nhle.com/logos/nhl/svg/CBJ_dark.svg,DET-CBJ,D,SWE,75,195,SWEDEN-JR.,Farjestad Jr.,2025,2026-01-02T20:32:03.315224,NHL Draft API,Columbus Blue Jackets,Blue Jackets de Columbus,Blue Jackets,Columbus,de Columbus,CBJ,Malte,Vass,
3,13,77,21,COL,https://assets.nhle.com/logos/nhl/svg/COL_light.svg,https://assets.nhle.com/logos/nhl/svg/COL_dark.svg,CBJ-COL,D,CAN,73,180,H-EAST,U. Mass.,2025,2026-01-02T20:32:03.315224,NHL Draft API,Colorado Avalanche,Avalanche du Colorado,Avalanche,Colorado,du Colorado,COL,Francesco,Dell'elce,
3,14,78,68,UTA,https://assets.nhle.com/logos/nhl/svg/UTA_light.svg?season=20252026,https://assets.nhle.com/logos/nhl/svg/UTA_dark.svg?season=20252026,UTA,LW,CZE,76,192,CZECHIA-JR.,C. Budejovice Jr.,2025,2026-01-02T20:32:03.315224,NHL Draft API,Utah Mammoth,Mammoth de l'Utah,Mammoth,Utah,de l'Utah,UTA,Stepan,Hoch,
3,15,79,6,BOS,https://assets.nhle.com/logos/nhl/svg/BOS_20242025-20242025_light.svg,https://assets.nhle.com/logos/nhl/svg/BOS_20242025-20242025_dark.svg,VAN-MTL-BOS,LW,USA,73,180,HIGH-MN,Shakopee,2025,2026-01-02T20:32:03.315224,NHL Draft API,Boston Bruins,Bruins de Boston,Bruins,Boston,de Boston,BOS,Cooper,Simpson,
3,16,80,20,CGY,https://assets.nhle.com/logos/nhl/svg/CGY_light.svg,https://assets.nhle.com/logos/nhl/svg/CGY_dark.svg,CGY,D,USA,78,233,NTDP - USHL,USA U-18,2025,2026-01-02T20:32:03.315224,NHL Draft API,Calgary Flames,Flames de Calgary,Flames,Calgary,de Calgary,CGY,Maceo,Phillips,
3,17,81,8,MTL,https://assets.nhle.com/logos/nhl/svg/MTL_light.svg,https://assets.nhle.com/logos/nhl/svg/MTL_dark.svg,MTL,D,CAN,73,183,WHL,Medicine Hat,2025,2026-01-02T20:32:03.315224,NHL Draft API,Montréal Canadiens,Canadiens de Montréal,Canadiens,Montréal,de Montréal,MTL,Bryce,Pickford,
3,18,82,8,MTL,https://assets.nhle.com/logos/nhl/svg/MTL_light.svg,https://assets.nhle.com/logos/nhl/svg/MTL_dark.svg,NJD-MTL,G,BLR,76,194,RUSSIA-JR.,Tyumen Jr.,2025,2026-01-02T20:32:03.315224,NHL Draft API,Montréal Canadiens,Canadiens de Montréal,Canadiens,Montréal,de Montréal,MTL,Arseni,Radkov,
3,19,83,22,EDM,https://assets.nhle.com/logos/nhl/svg/EDM_light.svg,https://assets.nhle.com/logos/nhl/svg/EDM_dark.svg,STL-EDM,RW,CAN,72,175,WHL,Kamloops,2025,2026-01-02T20:32:03.315224,NHL Draft API,Edmonton Oilers,Oilers d'Edmonton,Oilers,Edmonton,d'Edmonton,EDM,Tommy,Lafreniere,
3,20,84,5,PIT,https://assets.nhle.com/logos/nhl/svg/PIT_light.svg,https://assets.nhle.com/logos/nhl/svg/PIT_dark.svg,MIN-PHI-NSH-PIT,G,CAN,76,211,QMJHL,Victoriaville,2025,2026-01-02T20:32:03.315224,NHL Draft API,Pittsburgh Penguins,Penguins de Pittsburgh,Penguins,Pittsburgh,de Pittsburgh,PIT,Gabriel,D'Aigle,
3,21,85,54,VGK,https://assets.nhle.com/logos/nhl/svg/VGK_light.svg,https://assets.nhle.com/logos/nhl/svg/VGK_dark.svg,OTT-STL-PIT-VGK,C,CAN,72,166,QMJHL,Blainville-Boisbriand,2025,2026-01-02T20:32:03.315224,NHL Draft API,Vegas Golden Knights,Golden Knights de Vegas,Golden Knights,Vegas,de Vegas,VGK,Mateo,Nobert,
3,22,86,10,TOR,https://assets.nhle.com/logos/nhl/svg/TOR_light.svg,https://assets.nhle.com/logos/nhl/svg/TOR_dark.svg,COL-NSH-SJS-TOR,C,CAN,73,184,OHL,Kingston,2025,2026-01-02T20:32:03.315224,NHL Draft API,Toronto Maple Leafs,Maple Leafs de Toronto,Maple Leafs,Toronto,de Toronto,TOR,Tyler,Hopkins,
3,23,87,12,CAR,https://assets.nhle.com/logos/nhl/svg/CAR_light.svg,https://assets.nhle.com/logos/nhl/svg/CAR_dark.svg,TBL-CAR,D,RUS,77,179,RUSSIA-JR.,Dynamo St. Petersburg Jr.,2025,2026-01-02T20:32:03.315224,NHL Draft API,Carolina Hurricanes,Hurricanes de la Caroline,Hurricanes,Carolina,de la Caroline,CAR,Roman,Bausov,
3,24,88,26,LAK,https://assets.nhle.com/logos/nhl/svg/LAK_light.svg,https://assets.nhle.com/logos/nhl/svg/LAK_dark.svg,LAK,LW,USA,72,180,OHL,Saginaw,2025,2026-01-02T20:32:03.315224,NHL Draft API,Los Angeles Kings,Kings de Los Angeles,Kings,Los Angeles,de Los Angeles,LAK,Kristian,Epperson,
3,25,89,3,NYR,https://assets.nhle.com/logos/nhl/svg/NYR_light.svg,https://assets.nhle.com/logos/nhl/svg/NYR_dark.svg,TOR-ANA-NYR,D,RUS,72,156,RUSSIA-JR.,Magnitogorsk Jr.,2025,2026-01-02T20:32:03.315224,NHL Draft API,New York Rangers,Rangers de New York,Rangers,New York,de New York,NYR,Artyom,Gonchar,
3,26,90,1,NJD,https://assets.nhle.com/logos/nhl/svg/NJD_light.svg,https://assets.nhle.com/logos/nhl/svg/NJD_dark.svg,VGK-NJD,C,USA,74,192,USHL,Madison,2025,2026-01-02T20:32:03.315224,NHL Draft API,New Jersey Devils,Devils du New Jersey,Devils,New Jersey,du New Jersey,NJD,Mason,Moe,
3,27,91,5,PIT,https://assets.nhle.com/logos/nhl/svg/PIT_light.svg,https://assets.nhle.com/logos/nhl/svg/PIT_dark.svg,WSH-VGK-PIT,D,CAN,75,202,USHL,Waterloo,2025,2026-01-02T20:32:03.315224,NHL Draft API,Pittsburgh Penguins,Penguins de Pittsburgh,Penguins,Pittsburgh,de Pittsburgh,PIT,Brady,Peddle,
3,28,92,52,WPG,https://assets.nhle.com/logos/nhl/svg/WPG_light.svg,https://assets.nhle.com/logos/nhl/svg/WPG_dark.svg,WPG,C,CAN,72,185,WHL,Spokane,2025,2026-01-02T20:32:03.315224,NHL Draft API,Winnipeg Jets,Jets de Winnipeg,Jets,Winnipeg,de Winnipeg,WPG,Owen,Martin,
3,29,93,9,OTT,https://assets.nhle.com/logos/nhl/svg/OTT_light.svg,https://assets.nhle.com/logos/nhl/svg/OTT_dark.svg,CAR-WSH-OTT,RW,USA,75,205,HIGH-MN,Stillwater,2025,2026-01-02T20:32:03.315224,NHL Draft API,Ottawa Senators,Sénateurs d'Ottawa,Senators,Ottawa,d'Ottawa,OTT,Blake,Vanek,Sénateurs
3,30,94,25,DAL,https://assets.nhle.com/logos/nhl/svg/DAL_light.svg,https://assets.nhle.com/logos/nhl/svg/DAL_dark.svg,DAL,RW,CAN,68,160,WHL,Vancouver,2025,2026-01-02T20:32:03.315224,NHL Draft API,Dallas Stars,Stars de Dallas,Stars,Dallas,de Dallas,DAL,Cameron,Schmidt,
3,31,95,28,SJS,https://assets.nhle.com/logos/nhl/svg/SJS_light.svg,https://assets.nhle.com/logos/nhl/svg/SJS_dark.svg,EDM-SJS,C,USA,73,210,USHL,Chicago,2025,2026-01-02T20:32:03.315224,NHL Draft API,San Jose Sharks,Sharks de San Jose,Sharks,San Jose,de San Jose,SJS,Teddy,Mutryn,
3,32,96,15,WSH,https://assets.nhle.com/logos/nhl/svg/WSH_secondary_light.svg,https://assets.nhle.com/logos/nhl/svg/WSH_secondary_dark.svg,FLA-OTT-WSH,LW,DEU,76,182,GERMANY,Eisbaren Berlin,2025,2026-01-02T20:32:03.315224,NHL Draft API,Washington Capitals,Capitals de Washington,Capitals,Washington,de Washington,WSH,Maxim,Schafer,
4,1,97,9,OTT,https://assets.nhle.com/logos/nhl/svg/OTT_light.svg,https://assets.nhle.com/logos/nhl/svg/OTT_dark.svg,SJS-OTT,G,CAN,74,182,QMJHL,Baie Comeau,2025,2026-01-02T20:32:03.315224,NHL Draft API,Ottawa Senators,Sénateurs d'Ottawa,Senators,Ottawa,d'Ottawa,OTT,Lucas,Beckman,Sénateurs
4,2,98,16,CHI,https://assets.nhle.com/logos/nhl/svg/CHI_19981999-20242025_light.svg,https://assets.nhle.com/logos/nhl/svg/CHI_19981999-20242025_dark.svg,CHI,C,DEU,74,190,QMJHL,Moncton,2025,2026-01-02T20:32:03.315224,NHL Draft API,Chicago Blackhawks,Blackhawks de Chicago,Blackhawks,Chicago,de Chicago,CHI,Julius,Sumpf,
4,3,99,1,NJD,https://assets.nhle.com/logos/nhl/svg/NJD_light.svg,https://assets.nhle.com/logos/nhl/svg/NJD_dark.svg,NSH-NJD,G,CAN,80,205,CCHL,Kemptville,2025,2026-01-02T20:32:03.315224,NHL Draft API,New Jersey Devils,Devils du New Jersey,Devils,New Jersey,du New Jersey,NJD,Trenten,Bennett,
4,4,100,6,BOS,https://assets.nhle.com/logos/nhl/svg/BOS_20242025-20242025_light.svg,https://assets.nhle.com/logos/nhl/svg/BOS_20242025-20242025_dark.svg,PHI-TOR-BOS,D,USA,76,183,SWE-JR. U18,TROJA-LJUNGBY U18,2025,2026-01-02T20:32:03.315224,NHL Draft API,Boston Bruins,Bruins de Boston,Bruins,Boston,de Boston,BOS,Vashek,Blanar,
4,5,101,24,ANA,https://assets.nhle.com/logos/nhl/svg/ANA_light.svg,https://assets.nhle.com/logos/nhl/svg/ANA_dark.svg,BOS-DET-ANA,D,USA,72,178,NTDP - USHL,USA U-18,2025,2026-01-02T20:32:03.315224,NHL Draft API,Anaheim Ducks,Ducks d'Anaheim,Ducks,Anaheim,d'Anaheim,ANA,Drew,Schock,
4,6,102,30,MIN,https://assets.nhle.com/logos/nhl/svg/MIN_light.svg,https://assets.nhle.com/logos/nhl/svg/MIN_dark.svg,SEA-MIN,C,CZE,68,164,USHL,Youngstown,2025,2026-01-02T20:32:03.315224,NHL Draft API,Minnesota Wild,Wild du Minnesota,Wild,Minnesota,du Minnesota,MIN,Adam,Benak,
4,7,103,7,BUF,https://assets.nhle.com/logos/nhl/svg/BUF_light.svg,https://assets.nhle.com/logos/nhl/svg/BUF_dark.svg,BUF,C,ITA,76,180,CZECHIA-JR.,Slavia Jr.,2025,2026-01-02T20:32:03.315224,NHL Draft API,Buffalo Sabres,Sabres de Buffalo,Sabres,Buffalo,de Buffalo,BUF,Matous,Kucharcik,
4,8,104,24,ANA,https://assets.nhle.com/logos/nhl/svg/ANA_light.svg,https://assets.nhle.com/logos/nhl/svg/ANA_dark.svg,ANA-NYR-ANA,G,CHE,77,199,SWISS-JR.,Fribourg Jr.,2025,2026-01-02T20:32:03.315224,NHL Draft API,Anaheim Ducks,Ducks d'Anaheim,Ducks,Anaheim,d'Anaheim,ANA,Elijah,Neuenschwander,
4,9,105,5,PIT,https://assets.nhle.com/logos/nhl/svg/PIT_light.svg,https://assets.nhle.com/logos/nhl/svg/PIT_dark.svg,PIT,RW,USA,71,175,OHL,Sault Ste. Marie,2025,2026-01-02T20:32:03.315224,NHL Draft API,Pittsburgh Penguins,Penguins de Pittsburgh,Penguins,Pittsburgh,de Pittsburgh,PIT,Travis,Hayes,
4,10,106,2,NYI,https://assets.nhle.com/logos/nhl/svg/NYI_light.svg,https://assets.nhle.com/logos/nhl/svg/NYI_dark.svg,NYI,LW,CZE,74,206,FINLAND,Pelicans,2025,2026-01-02T20:32:03.315224,NHL Draft API,New York Islanders,Islanders de New York,Islanders,New York,de New York,NYI,Tomas,Poletin,
4,11,107,16,CHI,https://assets.nhle.com/logos/nhl/svg/CHI_19981999-20242025_light.svg,https://assets.nhle.com/logos/nhl/svg/CHI_19981999-20242025_dark.svg,NYR-CHI,LW,CAN,76,222,OHL,Brantford,2025,2026-01-02T20:32:03.315224,NHL Draft API,Chicago Blackhawks,Blackhawks de Chicago,Blackhawks,Chicago,de Chicago,CHI,Parker,Holmes,
4,12,108,14,TBL,https://assets.nhle.com/logos/nhl/svg/TBL_light.svg,https://assets.nhle.com/logos/nhl/svg/TBL_dark.svg,DET-MTL-BOS-TBL,C,FIN,72,174,FINLAND,Tappara,2025,2026-01-02T20:32:03.315224,NHL Draft API,Tampa Bay Lightning,Lightning de Tampa Bay,Lightning,Tampa Bay,de Tampa Bay,TBL,Benjamin,Rautiainen,
4,13,109,17,DET,https://assets.nhle.com/logos/nhl/svg/DET_light.svg,https://assets.nhle.com/logos/nhl/svg/DET_dark.svg,CBJ-DET,RW,USA,72,173,HIGH-MN,Champlin Park,2025,2026-01-02T20:32:03.315224,NHL Draft API,Detroit Red Wings,Red Wings de Detroit,Red Wings,Detroit,de Detroit,DET,Brent,Solomon,
4,14,110,68,UTA,https://assets.nhle.com/logos/nhl/svg/UTA_light.svg?season=20252026,https://assets.nhle.com/logos/nhl/svg/UTA_dark.svg?season=20252026,UTA,RW,BLR,73,180,RUSSIA,Minsk,2025,2026-01-02T20:32:03.315224,NHL Draft API,Utah Mammoth,Mammoth de l'Utah,Mammoth,Utah,de l'Utah,UTA,Yegor,Borikov,
4,15,111,3,NYR,https://assets.nhle.com/logos/nhl/svg/NYR_light.svg,https://assets.nhle.com/logos/nhl/svg/NYR_dark.svg,VAN-COL-NYR,C,NOR,71,187,SWEDEN-JR.,Farjestad Jr.,2025,2026-01-02T20:32:03.315224,NHL Draft API,New York Rangers,Rangers de New York,Rangers,New York,de New York,NYR,Mikkel,Eriksen,
4,16,112,13,FLA,https://assets.nhle.com/logos/nhl/svg/FLA_light.svg,https://assets.nhle.com/logos/nhl/svg/FLA_dark.svg,CGY-FLA,LW,DNK,74,194,SWEDEN-JR.,Frolunda Jr.,2025,2026-01-02T20:32:03.315224,NHL Draft API,Florida Panthers,Panthers de la Floride,Panthers,Florida,de la Floride,FLA,Mads Kongsbak,Klyvo,
4,17,113,8,MTL,https://assets.nhle.com/logos/nhl/svg/MTL_light.svg,https://assets.nhle.com/logos/nhl/svg/MTL_dark.svg,MTL,C,USA,68,160,NTDP - USHL,USA U-18,2025,2026-01-02T20:32:03.315224,NHL Draft API,Montréal Canadiens,Canadiens de Montréal,Canadiens,Montréal,de Montréal,MTL,John,Mooney,
4,18,114,1,NJD,https://assets.nhle.com/logos/nhl/svg/NJD_light.svg,https://assets.nhle.com/logos/nhl/svg/NJD_dark.svg,NJD,C,SWE,74,174,SWEDEN-JR.,Brynas Jr.,2025,2026-01-02T20:32:03.315224,NHL Draft API,New Jersey Devils,Devils du New Jersey,Devils,New Jersey,du New Jersey,NJD,Gustav,Hillstrom,
4,19,115,28,SJS,https://assets.nhle.com/logos/nhl/svg/SJS_light.svg,https://assets.nhle.com/logos/nhl/svg/SJS_dark.svg,STL-CBJ-SJS,D,RUS,74,176,RUSSIA-JR.,Yaroslavl Jr.,2025,2026-01-02T20:32:03.315224,NHL Draft API,San Jose Sharks,Sharks de San Jose,Sharks,San Jose,de San Jose,SJS,Ilyas,Magomedsultanov,
4,20,116,7,BUF,https://assets.nhle.com/logos/nhl/svg/BUF_light.svg,https://assets.nhle.com/logos/nhl/svg/BUF_dark.svg,MIN-ANA-BUF,G,CAN,74,190,QMJHL,Rouyn-Noranda,2025,2026-01-02T20:32:03.315224,NHL Draft API,Buffalo Sabres,Sabres de Buffalo,Sabres,Buffalo,de Buffalo,BUF,Samuel,Meloche,
4,21,117,22,EDM,https://assets.nhle.com/logos/nhl/svg/EDM_light.svg,https://assets.nhle.com/logos/nhl/svg/EDM_dark.svg,OTT-EDM-VAN-EDM,LW,DEU,74,177,WHL,Saskatoon,2025,2026-01-02T20:32:03.315224,NHL Draft API,Edmonton Oilers,Oilers d'Edmonton,Oilers,Edmonton,d'Edmonton,EDM,David,Lewandowski,
4,22,118,21,COL,https://assets.nhle.com/logos/nhl/svg/COL_light.svg,https://assets.nhle.com/logos/nhl/svg/COL_dark.svg,COL,D,SWE,75,183,SWEDEN-JR.,Lulea Jr.,2025,2026-01-02T20:32:03.315224,NHL Draft API,Colorado Avalanche,Avalanche du Colorado,Avalanche,Colorado,du Colorado,COL,Linus,Funck,
4,23,119,17,DET,https://assets.nhle.com/logos/nhl/svg/DET_light.svg,https://assets.nhle.com/logos/nhl/svg/DET_dark.svg,TBL-DET,LW,SVK,71,189,SWEDEN-JR.,Brynas Jr.,2025,2026-01-02T20:32:03.315224,NHL Draft API,Detroit Red Wings,Red Wings de Detroit,Red Wings,Detroit,de Detroit,DET,Michal,Svrcek,
4,24,120,26,LAK,https://assets.nhle.com/logos/nhl/svg/LAK_light.svg,https://assets.nhle.com/logos/nhl/svg/LAK_dark.svg,LAK,D,USA,74,204,USHL,Lincoln,2025,2026-01-02T20:32:03.315224,NHL Draft API,Los Angeles Kings,Kings de Los Angeles,Kings,Los Angeles,de Los Angeles,LAK,Caeden,Herrington,
4,25,121,30,MIN,https://assets.nhle.com/logos/nhl/svg/MIN_light.svg,https://assets.nhle.com/logos/nhl/svg/MIN_dark.svg,TOR-MIN,RW,CAN,73,180,OHL,North Bay,2025,2026-01-02T20:32:03.315224,NHL Draft API,Minnesota Wild,Wild du Minnesota,Wild,Minnesota,du Minnesota,MIN,Lirim,Amidovski,
4,26,122,18,NSH,https://assets.nhle.com/logos/nhl/svg/NSH_light.svg,https://assets.nhle.com/logos/nhl/svg/NSH_dark.svg,VGK-NSH,D,CAN,72,170,QMJHL,Chicoutimi,2025,2026-01-02T20:32:03.315224,NHL Draft API,Nashville Predators,Predators de Nashville,Predators,Nashville,de Nashville,NSH,Alex,Huang,
4,27,123,30,MIN,https://assets.nhle.com/logos/nhl/svg/MIN_light.svg,https://assets.nhle.com/logos/nhl/svg/MIN_dark.svg,WSH-MIN,C,CAN,75,180,WHL,Brandon,2025,2026-01-02T20:32:03.315224,NHL Draft API,Minnesota Wild,Wild du Minnesota,Wild,Minnesota,du Minnesota,MIN,Carter,Klippenstein,
4,28,124,28,SJS,https://assets.nhle.com/logos/nhl/svg/SJS_light.svg,https://assets.nhle.com/logos/nhl/svg/SJS_dark.svg,WPG-SJS-DAL-SJS,D,USA,73,180,NCHC,Western Michigan,2025,2026-01-02T20:32:03.315224,NHL Draft API,San Jose Sharks,Sharks de San Jose,Sharks,San Jose,de San Jose,SJS,Zachary,Sharp,
4,29,125,26,LAK,https://assets.nhle.com/logos/nhl/svg/LAK_light.svg,https://assets.nhle.com/logos/nhl/svg/LAK_dark.svg,CAR-LAK,C,CAN,72,175,OHL,Flint,2025,2026-01-02T20:32:03.315224,NHL Draft API,Los Angeles Kings,Kings de Los Angeles,Kings,Los Angeles,de Los Angeles,LAK,Jimmy,Lombardi,
4,30,126,25,DAL,https://assets.nhle.com/logos/nhl/svg/DAL_light.svg,https://assets.nhle.com/logos/nhl/svg/DAL_dark.svg,DAL-NYR-SEA-DAL,C,USA,74,185,WHL,Calgary,2025,2026-01-02T20:32:03.315224,NHL Draft API,Dallas Stars,Stars de Dallas,Stars,Dallas,de Dallas,DAL,Brandon,Gorzynski,
4,31,127,14,TBL,https://assets.nhle.com/logos/nhl/svg/TBL_light.svg,https://assets.nhle.com/logos/nhl/svg/TBL_dark.svg,EDM-TBL,C,CAN,74,182,WHL,Prince George,2025,2026-01-02T20:32:03.315224,NHL Draft API,Tampa Bay Lightning,Lightning de Tampa Bay,Lightning,Tampa Bay,de Tampa Bay,TBL,Aiden,Foster,
4,32,128,13,FLA,https://assets.nhle.com/logos/nhl/svg/FLA_light.svg,https://assets.nhle.com/logos/nhl/svg/FLA_dark.svg,FLA,LW,CAN,74,208,WHL,Everett,2025,2026-01-02T20:32:03.315224,NHL Draft API,Florida Panthers,Panthers de la Floride,Panthers,Florida,de la Floride,FLA,Shea,Busch,
5,1,129,13,FLA,https://assets.nhle.com/logos/nhl/svg/FLA_light.svg,https://assets.nhle.com/logos/nhl/svg/FLA_dark.svg,SJS-FLA,RW,CAN,73,200,OHL,North Bay,2025,2026-01-02T20:32:03.315224,NHL Draft API,Florida Panthers,Panthers de la Floride,Panthers,Florida,de la Floride,FLA,Shamar,Moses,
5,2,130,5,PIT,https://assets.nhle.com/logos/nhl/svg/PIT_light.svg,https://assets.nhle.com/logos/nhl/svg/PIT_dark.svg,CHI-TOR-WSH-PIT,C,CAN,72,177,WHL,Portland,2025,2026-01-02T20:32:03.315224,NHL Draft API,Pittsburgh Penguins,Penguins de Pittsburgh,Penguins,Pittsburgh,de Pittsburgh,PIT,Ryan,Miller,
5,3,131,22,EDM,https://assets.nhle.com/logos/nhl/svg/EDM_light.svg,https://assets.nhle.com/logos/nhl/svg/EDM_dark.svg,NSH-EDM,D,USA,73,200,NTDP - USHL,USA U-18,2025,2026-01-02T20:32:03.315224,NHL Draft API,Edmonton Oilers,Oilers d'Edmonton,Oilers,Edmonton,d'Edmonton,EDM,Asher,Barnett,
5,4,132,4,PHI,https://assets.nhle.com/logos/nhl/svg/PHI_light.svg,https://assets.nhle.com/logos/nhl/svg/PHI_dark.svg,PHI,LW,FIN,71,161,SWEDEN-JR.,Frolunda Jr.,2025,2026-01-02T20:32:03.315224,NHL Draft API,Philadelphia Flyers,Flyers de Philadelphie,Flyers,Philadelphia,de Philadelphie,PHI,Max,Westergard,
5,5,133,6,BOS,https://assets.nhle.com/logos/nhl/svg/BOS_20242025-20242025_light.svg,https://assets.nhle.com/logos/nhl/svg/BOS_20242025-20242025_dark.svg,BOS,C,CAN,74,176,QMJHL,Shawinigan,2025,2026-01-02T20:32:03.315224,NHL Draft API,Boston Bruins,Bruins de Boston,Bruins,Boston,de Boston,BOS,Cole,Chandler,
5,6,134,55,SEA,https://assets.nhle.com/logos/nhl/svg/SEA_light.svg,https://assets.nhle.com/logos/nhl/svg/SEA_dark.svg,SEA,D,RUS,74,198,RUSSIA-JR.,Ufa Jr.,2025,2026-01-02T20:32:03.315224,NHL Draft API,Seattle Kraken,Kraken de Seattle,Kraken,Seattle,de Seattle,SEA,Maxim,Agafonov,
5,7,135,7,BUF,https://assets.nhle.com/logos/nhl/svg/BUF_light.svg,https://assets.nhle.com/logos/nhl/svg/BUF_dark.svg,BUF,D,CAN,73,187,QMJHL,Acadie-Bathurst,2025,2026-01-02T20:32:03.315224,NHL Draft API,Buffalo Sabres,Sabres de Buffalo,Sabres,Buffalo,de Buffalo,BUF,Noah,Laberge,
5,8,136,24,ANA,https://assets.nhle.com/logos/nhl/svg/ANA_light.svg,https://assets.nhle.com/logos/nhl/svg/ANA_dark.svg,ANA,D,CAN,76,197,QMJHL,Baie Comeau,2025,2026-01-02T20:32:03.315224,NHL Draft API,Anaheim Ducks,Ducks d'Anaheim,Ducks,Anaheim,d'Anaheim,ANA,Alexis,Mathieu,
5,9,137,10,TOR,https://assets.nhle.com/logos/nhl/svg/TOR_light.svg,https://assets.nhle.com/logos/nhl/svg/TOR_dark.svg,PIT-TOR,RW,CHN,76,225,NTDP - USHL,USA U-18,2025,2026-01-02T20:32:03.315224,NHL Draft API,Toronto Maple Leafs,Maple Leafs de Toronto,Maple Leafs,Toronto,de Toronto,TOR,William,Belle,
5,10,138,2,NYI,https://assets.nhle.com/logos/nhl/svg/NYI_light.svg,https://assets.nhle.com/logos/nhl/svg/NYI_dark.svg,NYI,D,USA,73,191,USHL,Fargo,2025,2026-01-02T20:32:03.315224,NHL Draft API,New York Islanders,Islanders de New York,Islanders,New York,de New York,NYI,Sam,Laurila,
5,11,139,3,NYR,https://assets.nhle.com/logos/nhl/svg/NYR_light.svg,https://assets.nhle.com/logos/nhl/svg/NYR_dark.svg,NYR,D,SWE,74,198,SWEDEN-JR.,Skelleftea Jr.,2025,2026-01-02T20:32:03.315224,NHL Draft API,New York Rangers,Rangers de New York,Rangers,New York,de New York,NYR,Zeb,Lindgren,
5,12,140,17,DET,https://assets.nhle.com/logos/nhl/svg/DET_light.svg,https://assets.nhle.com/logos/nhl/svg/DET_dark.svg,DET,D,RUS,72,174,RUSSIA-JR.,Spartak Jr.,2025,2026-01-02T20:32:03.315224,NHL Draft API,Detroit Red Wings,Red Wings de Detroit,Red Wings,Detroit,de Detroit,DET,Nikita,Tyurin,
5,13,141,30,MIN,https://assets.nhle.com/logos/nhl/svg/MIN_light.svg,https://assets.nhle.com/logos/nhl/svg/MIN_dark.svg,CBJ-MIN,D,CAN,76,208,WHL,Victoria,2025,2026-01-02T20:32:03.315224,NHL Draft API,Minnesota Wild,Wild du Minnesota,Wild,Minnesota,du Minnesota,MIN,Justin,Kipkie,
5,14,142,68,UTA,https://assets.nhle.com/logos/nhl/svg/UTA_light.svg?season=20252026,https://assets.nhle.com/logos/nhl/svg/UTA_dark.svg?season=20252026,UTA,G,RUS,75,185,RUSSIA-JR.,Ufa Jr.,2025,2026-01-02T20:32:03.315224,NHL Draft API,Utah Mammoth,Mammoth de l'Utah,Mammoth,Utah,de l'Utah,UTA,Ivan,Tkach-Tkachenko,
5,15,143,23,VAN,https://assets.nhle.com/logos/nhl/svg/VAN_light.svg,https://assets.nhle.com/logos/nhl/svg/VAN_dark.svg,VAN,C,SWE,72,165,SWEDEN-JR.,Djurgarden Jr.,2025,2026-01-02T20:32:03.315224,NHL Draft API,Vancouver Canucks,Canucks de Vancouver,Canucks,Vancouver,de Vancouver,VAN,Wilson,Bjorck,
5,16,144,20,CGY,https://assets.nhle.com/logos/nhl/svg/CGY_light.svg,https://assets.nhle.com/logos/nhl/svg/CGY_dark.svg,CGY,LW,USA,70,180,USHL,Sioux Falls,2025,2026-01-02T20:32:03.315224,NHL Draft API,Calgary Flames,Flames de Calgary,Flames,Calgary,de Calgary,CGY,Ethan,Wyttenbach,
5,17,145,8,MTL,https://assets.nhle.com/logos/nhl/svg/MTL_light.svg,https://assets.nhle.com/logos/nhl/svg/MTL_dark.svg,MTL,G,CAN,75,195,QMJHL,Cape Breton,2025,2026-01-02T20:32:03.315224,NHL Draft API,Montréal Canadiens,Canadiens de Montréal,Canadiens,Montréal,de Montréal,MTL,Alexis,Cournoyer,
5,18,146,25,DAL,https://assets.nhle.com/logos/nhl/svg/DAL_light.svg,https://assets.nhle.com/logos/nhl/svg/DAL_dark.svg,NJD-DAL,C,FIN,74,200,FINLAND-JR.,Lukko Jr.,2025,2026-01-02T20:32:03.315224,NHL Draft API,Dallas Stars,Stars de Dallas,Stars,Dallas,de Dallas,DAL,Atte,Joki,
5,19,147,19,STL,https://assets.nhle.com/logos/nhl/svg/STL_20082009-20242025_light.svg,https://assets.nhle.com/logos/nhl/svg/STL_20082009-20242025_dark.svg,STL,RW,RUS,71,152,RUSSIA-JR.,Magnitogorsk Jr.,2025,2026-01-02T20:32:03.315224,NHL Draft API,St. Louis Blues,Blues de St. Louis,Blues,St. Louis,de St. Louis,STL,Mikhail,Fyodorov,
5,20,148,5,PIT,https://assets.nhle.com/logos/nhl/svg/PIT_light.svg,https://assets.nhle.com/logos/nhl/svg/PIT_dark.svg,MIN-NYR-PIT,D,CAN,72,184,OHL,Guelph,2025,2026-01-02T20:32:03.315224,NHL Draft API,Pittsburgh Penguins,Penguins de Pittsburgh,Penguins,Pittsburgh,de Pittsburgh,PIT,Quinn,Beauchesne,
5,21,149,9,OTT,https://assets.nhle.com/logos/nhl/svg/OTT_light.svg,https://assets.nhle.com/logos/nhl/svg/OTT_dark.svg,OTT,LW,RUS,69,148,RUSSIA-JR.,Yekaterinburg Jr.,2025,2026-01-02T20:32:03.315224,NHL Draft API,Ottawa Senators,Sénateurs d'Ottawa,Senators,Ottawa,d'Ottawa,OTT,Dmitri,Isayev,Sénateurs
5,22,150,28,SJS,https://assets.nhle.com/logos/nhl/svg/SJS_light.svg,https://assets.nhle.com/logos/nhl/svg/SJS_dark.svg,COL-SJS,C,CAN,75,169,BCHL,Penticton,2025,2026-01-02T20:32:03.315224,NHL Draft API,San Jose Sharks,Sharks de San Jose,Sharks,San Jose,de San Jose,SJS,Max,Heise,
5,23,151,14,TBL,https://assets.nhle.com/logos/nhl/svg/TBL_light.svg,https://assets.nhle.com/logos/nhl/svg/TBL_dark.svg,TBL,D,USA,72,178,HIGH-RI,St. George's School,2025,2026-01-02T20:32:03.315224,NHL Draft API,Tampa Bay Lightning,Lightning de Tampa Bay,Lightning,Tampa Bay,de Tampa Bay,TBL,Everett,Baldwin,
5,24,152,26,LAK,https://assets.nhle.com/logos/nhl/svg/LAK_light.svg,https://assets.nhle.com/logos/nhl/svg/LAK_dark.svg,LAK,G,FIN,72,176,FINLAND,K-Espoo,2025,2026-01-02T20:32:03.315224,NHL Draft API,Los Angeles Kings,Kings de Los Angeles,Kings,Los Angeles,de Los Angeles,LAK,Petteri,Rimpinen,
5,25,153,10,TOR,https://assets.nhle.com/logos/nhl/svg/TOR_light.svg,https://assets.nhle.com/logos/nhl/svg/TOR_dark.svg,TOR,RW,CAN,75,186,OHL,Owen Sound,2025,2026-01-02T20:32:03.315224,NHL Draft API,Toronto Maple Leafs,Maple Leafs de Toronto,Maple Leafs,Toronto,de Toronto,TOR,Harry,Nansi,
5,26,154,5,PIT,https://assets.nhle.com/logos/nhl/svg/PIT_light.svg,https://assets.nhle.com/logos/nhl/svg/PIT_dark.svg,VGK-PIT,RW,CAN,73,188,OHL,Sault Ste. Marie,2025,2026-01-02T20:32:03.315224,NHL Draft API,Pittsburgh Penguins,Penguins de Pittsburgh,Penguins,Pittsburgh,de Pittsburgh,PIT,Jordan,Charron,
5,27,155,15,WSH,https://assets.nhle.com/logos/nhl/svg/WSH_secondary_light.svg,https://assets.nhle.com/logos/nhl/svg/WSH_secondary_dark.svg,WSH,C,USA,75,184,USHL,Chicago,2025,2026-01-02T20:32:03.315224,NHL Draft API,Washington Capitals,Capitals de Washington,Capitals,Washington,de Washington,WSH,Jackson,Crowder,
5,28,156,52,WPG,https://assets.nhle.com/logos/nhl/svg/WPG_light.svg,https://assets.nhle.com/logos/nhl/svg/WPG_dark.svg,WPG,RW,SWE,70,188,SWEDEN-JR.,Skelleftea Jr.,2025,2026-01-02T20:32:03.315224,NHL Draft API,Winnipeg Jets,Jets de Winnipeg,Jets,Winnipeg,de Winnipeg,WPG,Viktor,Klingsell,
5,29,157,4,PHI,https://assets.nhle.com/logos/nhl/svg/PHI_light.svg,https://assets.nhle.com/logos/nhl/svg/PHI_dark.svg,CAR-PHI,D,CAN,77,200,WHL,Red Deer,2025,2026-01-02T20:32:03.315224,NHL Draft API,Philadelphia Flyers,Flyers de Philadelphie,Flyers,Philadelphia,de Philadelphie,PHI,Luke,Vlooswyk,
5,30,158,25,DAL,https://assets.nhle.com/logos/nhl/svg/DAL_light.svg,https://assets.nhle.com/logos/nhl/svg/DAL_dark.svg,DAL,G,SWE,78,199,SWEDEN-JR.,Farjestad Jr.,2025,2026-01-02T20:32:03.315224,NHL Draft API,Dallas Stars,Stars de Dallas,Stars,Dallas,de Dallas,DAL,Mans,Goos,
5,31,159,24,ANA,https://assets.nhle.com/logos/nhl/svg/ANA_light.svg,https://assets.nhle.com/logos/nhl/svg/ANA_dark.svg,EDM-ANA,LW,CAN,74,176,QMJHL,Chicoutimi,2025,2026-01-02T20:32:03.315224,NHL Draft API,Anaheim Ducks,Ducks d'Anaheim,Ducks,Anaheim,d'Anaheim,ANA,Emile,Guite,
5,32,160,29,CBJ,https://assets.nhle.com/logos/nhl/svg/CBJ_light.svg,https://assets.nhle.com/logos/nhl/svg/CBJ_dark.svg,FLA-CBJ,C,CAN,70,160,OHL,Oshawa,2025,2026-01-02T20:32:03.315224,NHL Draft API,Columbus Blue Jackets,Blue Jackets de Columbus,Blue Jackets,Columbus,de Columbus,CBJ,Owen,Griffin,
6,1,161,1,NJD,https://assets.nhle.com/logos/nhl/svg/NJD_light.svg,https://assets.nhle.com/logos/nhl/svg/NJD_dark.svg,SJS-NJD,RW,CZE,73,188,CZECHIA-JR.,Liberec Jr.,2025,2026-01-02T20:32:03.315224,NHL Draft API,New Jersey Devils,Devils du New Jersey,Devils,New Jersey,du New Jersey,NJD,David,Rozsival,
6,2,162,16,CHI,https://assets.nhle.com/logos/nhl/svg/CHI_19981999-20242025_light.svg,https://assets.nhle.com/logos/nhl/svg/CHI_19981999-20242025_dark.svg,CHI,D,CAN,77,216,WHL,Seattle,2025,2026-01-02T20:32:03.315224,NHL Draft API,Chicago Blackhawks,Blackhawks de Chicago,Blackhawks,Chicago,de Chicago,CHI,Ashton,Cumby,
6,3,163,18,NSH,https://assets.nhle.com/logos/nhl/svg/NSH_light.svg,https://assets.nhle.com/logos/nhl/svg/NSH_dark.svg,NSH,D,FIN,72,187,FINLAND,Pelicans,2025,2026-01-02T20:32:03.315224,NHL Draft API,Nashville Predators,Predators de Nashville,Predators,Nashville,de Nashville,NSH,Daniel,Nieminen,
6,4,164,4,PHI,https://assets.nhle.com/logos/nhl/svg/PHI_light.svg,https://assets.nhle.com/logos/nhl/svg/PHI_dark.svg,PHI,C,CAN,71,173,QMJHL,Quebec,2025,2026-01-02T20:32:03.315224,NHL Draft API,Philadelphia Flyers,Flyers de Philadelphie,Flyers,Philadelphia,de Philadelphie,PHI,Nathan,Quinn,
6,5,165,6,BOS,https://assets.nhle.com/logos/nhl/svg/BOS_20242025-20242025_light.svg,https://assets.nhle.com/logos/nhl/svg/BOS_20242025-20242025_dark.svg,BOS,C,RUS,73,170,RUSSIA-JR.,Yaroslavl Jr.,2025,2026-01-02T20:32:03.315224,NHL Draft API,Boston Bruins,Bruins de Boston,Bruins,Boston,de Boston,BOS,Kirill,Yemelyanov,
6,6,166,3,NYR,https://assets.nhle.com/logos/nhl/svg/NYR_light.svg,https://assets.nhle.com/logos/nhl/svg/NYR_dark.svg,SEA-NYR,RW,CZE,75,172,FINLAND-JR.,Karpat Jr.,2025,2026-01-02T20:32:03.315224,NHL Draft API,New York Rangers,Rangers de New York,Rangers,New York,de New York,NYR,Samuel,Jung,
6,7,167,7,BUF,https://assets.nhle.com/logos/nhl/svg/BUF_light.svg,https://assets.nhle.com/logos/nhl/svg/BUF_dark.svg,BUF,C,USA,71,180,USHL,Chicago,2025,2026-01-02T20:32:03.315224,NHL Draft API,Buffalo Sabres,Sabres de Buffalo,Sabres,Buffalo,de Buffalo,BUF,Ashton,Schultz,
6,8,168,24,ANA,https://assets.nhle.com/logos/nhl/svg/ANA_light.svg,https://assets.nhle.com/logos/nhl/svg/ANA_dark.svg,ANA,D,CAN,74,183,USHL,Sioux City,2025,2026-01-02T20:32:03.315224,NHL Draft API,Anaheim Ducks,Ducks d'Anaheim,Ducks,Anaheim,d'Anaheim,ANA,Anthony,Allain-Samake,
6,9,169,5,PIT,https://assets.nhle.com/logos/nhl/svg/PIT_light.svg,https://assets.nhle.com/logos/nhl/svg/PIT_dark.svg,PIT,LW,USA,73,196,USHL,Muskegon,2025,2026-01-02T20:32:03.315224,NHL Draft API,Pittsburgh Penguins,Penguins de Pittsburgh,Penguins,Pittsburgh,de Pittsburgh,PIT,Carter,Sanderson,
6,10,170,2,NYI,https://assets.nhle.com/logos/nhl/svg/NYI_light.svg,https://assets.nhle.com/logos/nhl/svg/NYI_dark.svg,NYI,G,CAN,76,202,WHL,Vancouver,2025,2026-01-02T20:32:03.315224,NHL Draft API,New York Islanders,Islanders de New York,Islanders,New York,de New York,NYI,Burke,Hood,
6,11,171,3,NYR,https://assets.nhle.com/logos/nhl/svg/NYR_light.svg,https://assets.nhle.com/logos/nhl/svg/NYR_dark.svg,NYR,D,CAN,77,212,OHL,Barrie,2025,2026-01-02T20:32:03.315224,NHL Draft API,New York Rangers,Rangers de New York,Rangers,New York,de New York,NYR,Evan,Passmore,
6,12,172,17,DET,https://assets.nhle.com/logos/nhl/svg/DET_light.svg,https://assets.nhle.com/logos/nhl/svg/DET_dark.svg,DET,D,CAN,76,209,QMJHL,Cape Breton,2025,2026-01-02T20:32:03.315224,NHL Draft API,Detroit Red Wings,Red Wings de Detroit,Red Wings,Detroit,de Detroit,DET,Will,Murphy,
6,13,173,29,CBJ,https://assets.nhle.com/logos/nhl/svg/CBJ_light.svg,https://assets.nhle.com/logos/nhl/svg/CBJ_dark.svg,CBJ,D,SWE,76,181,SWEDEN-JR.,Brynas Jr.,2025,2026-01-02T20:32:03.315224,NHL Draft API,Columbus Blue Jackets,Blue Jackets de Columbus,Blue Jackets,Columbus,de Columbus,CBJ,Victor,Raftheim,
6,14,174,68,UTA,https://assets.nhle.com/logos/nhl/svg/UTA_light.svg?season=20252026,https://assets.nhle.com/logos/nhl/svg/UTA_dark.svg?season=20252026,UTA,D,CHE,72,181,SWISS,Zug,2025,2026-01-02T20:32:03.315224,NHL Draft API,Utah Mammoth,Mammoth de l'Utah,Mammoth,Utah,de l'Utah,UTA,Ludvig,Johnson,
6,15,175,23,VAN,https://assets.nhle.com/logos/nhl/svg/VAN_light.svg,https://assets.nhle.com/logos/nhl/svg/VAN_dark.svg,VAN,RW,CAN,71,191,OHL,Brampton,2025,2026-01-02T20:32:03.315224,NHL Draft API,Vancouver Canucks,Canucks de Vancouver,Canucks,Vancouver,de Vancouver,VAN,Gabriel,Chiarot,
6,16,176,20,CGY,https://assets.nhle.com/logos/nhl/svg/CGY_light.svg,https://assets.nhle.com/logos/nhl/svg/CGY_dark.svg,CGY,RW,CAN,73,193,HIGH-ON,St. Andrews College,2025,2026-01-02T20:32:03.315224,NHL Draft API,Calgary Flames,Flames de Calgary,Flames,Calgary,de Calgary,CGY,Aiden,Lane,
6,17,177,8,MTL,https://assets.nhle.com/logos/nhl/svg/MTL_light.svg,https://assets.nhle.com/logos/nhl/svg/MTL_dark.svg,MTL,D,DEU,73,174,QMJHL,Halifax,2025,2026-01-02T20:32:03.315224,NHL Draft API,Montréal Canadiens,Canadiens de Montréal,Canadiens,Montréal,de Montréal,MTL,Carlos,Handel,
6,18,178,1,NJD,https://assets.nhle.com/logos/nhl/svg/NJD_light.svg,https://assets.nhle.com/logos/nhl/svg/NJD_dark.svg,NJD,D,SWE,73,186,SWE-JR. U18,Brynas U18,2025,2026-01-02T20:32:03.315224,NHL Draft API,New Jersey Devils,Devils du New Jersey,Devils,New Jersey,du New Jersey,NJD,Sigge,Holmgren,
6,19,179,19,STL,https://assets.nhle.com/logos/nhl/svg/STL_20082009-20242025_light.svg,https://assets.nhle.com/logos/nhl/svg/STL_20082009-20242025_dark.svg,STL,G,SWE,74,196,SWEDEN-JR.,Skelleftea Jr.,2025,2026-01-02T20:32:03.315224,NHL Draft API,St. Louis Blues,Blues de St. Louis,Blues,St. Louis,de St. Louis,STL,Love,Harenstam,
6,20,180,15,WSH,https://assets.nhle.com/logos/nhl/svg/WSH_secondary_light.svg,https://assets.nhle.com/logos/nhl/svg/WSH_secondary_dark.svg,MIN-WSH,D,SWE,75,205,SWEDEN-JR.,Brynas Jr.,2025,2026-01-02T20:32:03.315224,NHL Draft API,Washington Capitals,Capitals de Washington,Capitals,Washington,de Washington,WSH,Aron,Dahlqvist,
6,21,181,9,OTT,https://assets.nhle.com/logos/nhl/svg/OTT_light.svg,https://assets.nhle.com/logos/nhl/svg/OTT_dark.svg,OTT,LW,HRV,72,195,USHL,Lincoln,2025,2026-01-02T20:32:03.315224,NHL Draft API,Ottawa Senators,Sénateurs d'Ottawa,Senators,Ottawa,d'Ottawa,OTT,Bruno,Idzan,Sénateurs
6,22,182,68,UTA,https://assets.nhle.com/logos/nhl/svg/UTA_light.svg?season=20252026,https://assets.nhle.com/logos/nhl/svg/UTA_dark.svg?season=20252026,COL-NSH-UTA,D,FIN,77,201,FINLAND-JR.,Jokerit Jr.,2025,2026-01-02T20:32:03.315224,NHL Draft API,Utah Mammoth,Mammoth de l'Utah,Mammoth,Utah,de l'Utah,UTA,Reko,Alanko,
6,23,183,12,CAR,https://assets.nhle.com/logos/nhl/svg/CAR_light.svg,https://assets.nhle.com/logos/nhl/svg/CAR_dark.svg,TBL-CAR,LW,SWE,69,168,SWEDEN-JR.,Skelleftea Jr.,2025,2026-01-02T20:32:03.315224,NHL Draft API,Carolina Hurricanes,Hurricanes de la Caroline,Hurricanes,Carolina,de la Caroline,CAR,Viggo,Nordlund,
6,24,184,26,LAK,https://assets.nhle.com/logos/nhl/svg/LAK_light.svg,https://assets.nhle.com/logos/nhl/svg/LAK_dark.svg,LAK,C,SVK,75,190,FINLAND-JR.,Tappara Jr.,2025,2026-01-02T20:32:03.315224,NHL Draft API,Los Angeles Kings,Kings de Los Angeles,Kings,Los Angeles,de Los Angeles,LAK,Jan,Chovan,
6,25,185,10,TOR,https://assets.nhle.com/logos/nhl/svg/TOR_light.svg,https://assets.nhle.com/logos/nhl/svg/TOR_dark.svg,TOR,D,CAN,76,196,OHL,Flint,2025,2026-01-02T20:32:03.315224,NHL Draft API,Toronto Maple Leafs,Maple Leafs de Toronto,Maple Leafs,Toronto,de Toronto,TOR,Rylan,Fellinger,
6,26,186,54,VGK,https://assets.nhle.com/logos/nhl/svg/VGK_light.svg,https://assets.nhle.com/logos/nhl/svg/VGK_dark.svg,VGK,C,USA,73,190,WHL,Portland,2025,2026-01-02T20:32:03.315224,NHL Draft API,Vegas Golden Knights,Golden Knights de Vegas,Golden Knights,Vegas,de Vegas,VGK,Alexander,Weiermair,
6,27,187,54,VGK,https://assets.nhle.com/logos/nhl/svg/VGK_light.svg,https://assets.nhle.com/logos/nhl/svg/VGK_dark.svg,WSH-VGK,D,SWE,75,207,SWEDEN-2,AIK,2025,2026-01-02T20:32:03.315224,NHL Draft API,Vegas Golden Knights,Golden Knights de Vegas,Golden Knights,Vegas,de Vegas,VGK,Gustav,Sjoqvist,
6,28,188,52,WPG,https://assets.nhle.com/logos/nhl/svg/WPG_light.svg,https://assets.nhle.com/logos/nhl/svg/WPG_dark.svg,WPG,D,USA,74,175,USHL,Dubuque,2025,2026-01-02T20:32:03.315224,NHL Draft API,Winnipeg Jets,Jets de Winnipeg,Jets,Winnipeg,de Winnipeg,WPG,Edison,Engle,
6,29,189,8,MTL,https://assets.nhle.com/logos/nhl/svg/MTL_light.svg,https://assets.nhle.com/logos/nhl/svg/MTL_dark.svg,CAR-MTL,D,CAN,75,196,OHL,Kitchener,2025,2026-01-02T20:32:03.315224,NHL Draft API,Montréal Canadiens,Canadiens de Montréal,Canadiens,Montréal,de Montréal,MTL,Andrew,MacNiel,
6,30,190,25,DAL,https://assets.nhle.com/logos/nhl/svg/DAL_light.svg,https://assets.nhle.com/logos/nhl/svg/DAL_dark.svg,DAL,RW,CAN,73,188,QMJHL,Acadie-Bathurst,2025,2026-01-02T20:32:03.315224,NHL Draft API,Dallas Stars,Stars de Dallas,Stars,Dallas,de Dallas,DAL,Dawson,Sharkey,
6,31,191,22,EDM,https://assets.nhle.com/logos/nhl/svg/EDM_light.svg,https://assets.nhle.com/logos/nhl/svg/EDM_dark.svg,EDM,G,FIN,75,185,FINLAND-JR.,Lukko Jr.,2025,2026-01-02T20:32:03.315224,NHL Draft API,Edmonton Oilers,Oilers d'Edmonton,Oilers,Edmonton,d'Edmonton,EDM,Daniel,Salonen,
6,32,192,13,FLA,https://assets.nhle.com/logos/nhl/svg/FLA_light.svg,https://assets.nhle.com/logos/nhl/svg/FLA_dark.svg,FLA,RW,SWE,72,187,SWEDEN-JR.,Djurgarden Jr.,2025,2026-01-02T20:32:03.315224,NHL Draft API,Florida Panthers,Panthers de la Floride,Panthers,Florida,de la Floride,FLA,Arvid,Drott,
7,1,193,14,TBL,https://assets.nhle.com/logos/nhl/svg/TBL_light.svg,https://assets.nhle.com/logos/nhl/svg/TBL_dark.svg,SJS-TBL,G,USA,74,196,USHL,Madison,2025,2026-01-02T20:32:03.315224,NHL Draft API,Tampa Bay Lightning,Lightning de Tampa Bay,Lightning,Tampa Bay,de Tampa Bay,TBL,Caleb,Heil,
7,2,194,16,CHI,https://assets.nhle.com/logos/nhl/svg/CHI_19981999-20242025_light.svg,https://assets.nhle.com/logos/nhl/svg/CHI_19981999-20242025_dark.svg,CHI,G,RUS,75,180,RUSSIA-JR.,AKM Tula Jr.,2025,2026-01-02T20:32:03.315224,NHL Draft API,Chicago Blackhawks,Blackhawks de Chicago,Blackhawks,Chicago,de Chicago,CHI,Ilya,Kanarsky,
7,3,195,7,BUF,https://assets.nhle.com/logos/nhl/svg/BUF_light.svg,https://assets.nhle.com/logos/nhl/svg/BUF_dark.svg,NSH-BUF,LW,SWE,74,185,SWEDEN-JR.,Leksand Jr.,2025,2026-01-02T20:32:03.315224,NHL Draft API,Buffalo Sabres,Sabres de Buffalo,Sabres,Buffalo,de Buffalo,BUF,Melvin,Novotny,
7,4,196,26,LAK,https://assets.nhle.com/logos/nhl/svg/LAK_light.svg,https://assets.nhle.com/logos/nhl/svg/LAK_dark.svg,PHI-LAK,C,USA,72,173,USHL,Waterloo,2025,2026-01-02T20:32:03.315224,NHL Draft API,Los Angeles Kings,Kings de Los Angeles,Kings,Los Angeles,de Los Angeles,LAK,Brendan,McMorrow,
7,5,197,13,FLA,https://assets.nhle.com/logos/nhl/svg/FLA_light.svg,https://assets.nhle.com/logos/nhl/svg/FLA_dark.svg,BOS-CHI-FLA,D,USA,77,207,WHL,Wenatchee,2025,2026-01-02T20:32:03.315224,NHL Draft API,Florida Panthers,Panthers de la Floride,Panthers,Florida,de la Floride,FLA,Brendan,Dunphy,
7,6,198,29,CBJ,https://assets.nhle.com/logos/nhl/svg/CBJ_light.svg,https://assets.nhle.com/logos/nhl/svg/CBJ_dark.svg,SEA-CBJ,C,CAN,69,161,BCHL,Sherwood Park,2025,2026-01-02T20:32:03.315224,NHL Draft API,Columbus Blue Jackets,Blue Jackets de Columbus,Blue Jackets,Columbus,de Columbus,CBJ,Jeremy,Loranger,
7,7,199,7,BUF,https://assets.nhle.com/logos/nhl/svg/BUF_light.svg,https://assets.nhle.com/logos/nhl/svg/BUF_dark.svg,BUF,G,BLR,75,179,RUSSIA-JR.,Dinamo-Shinnik Jr.,2025,2026-01-02T20:32:03.315224,NHL Draft API,Buffalo Sabres,Sabres de Buffalo,Sabres,Buffalo,de Buffalo,BUF,Yevgeni,Prokhorov,
7,8,200,24,ANA,https://assets.nhle.com/logos/nhl/svg/ANA_light.svg,https://assets.nhle.com/logos/nhl/svg/ANA_dark.svg,ANA,RW,CAN,72,167,WHL,Brandon,2025,2026-01-02T20:32:03.315224,NHL Draft API,Anaheim Ducks,Ducks d'Anaheim,Ducks,Anaheim,d'Anaheim,ANA,Brady,Turko,
7,9,201,5,PIT,https://assets.nhle.com/logos/nhl/svg/PIT_light.svg,https://assets.nhle.com/logos/nhl/svg/PIT_dark.svg,PIT,C,CAN,70,165,BCHL,Sherwood Park,2025,2026-01-02T20:32:03.315224,NHL Draft API,Pittsburgh Penguins,Penguins de Pittsburgh,Penguins,Pittsburgh,de Pittsburgh,PIT,Kale,Dach,
7,10,202,2,NYI,https://assets.nhle.com/logos/nhl/svg/NYI_light.svg,https://assets.nhle.com/logos/nhl/svg/NYI_dark.svg,NYI,RW,USA,72,170,NTDP - USHL,USA U-18,2025,2026-01-02T20:32:03.315224,NHL Draft API,New York Islanders,Islanders de New York,Islanders,New York,de New York,NYI,Jacob,Kvasnicka,
7,11,203,3,NYR,https://assets.nhle.com/logos/nhl/svg/NYR_light.svg,https://assets.nhle.com/logos/nhl/svg/NYR_dark.svg,NYR,D,SWE,73,185,SWEDEN-JR.,Orebro Jr.,2025,2026-01-02T20:32:03.315224,NHL Draft API,New York Rangers,Rangers de New York,Rangers,New York,de New York,NYR,Felix,Farhammar,
7,12,204,17,DET,https://assets.nhle.com/logos/nhl/svg/DET_light.svg,https://assets.nhle.com/logos/nhl/svg/DET_dark.svg,DET,C,CAN,71,197,HIGH-MA,Phillips Andover Academy,2025,2026-01-02T20:32:03.315224,NHL Draft API,Detroit Red Wings,Red Wings de Detroit,Red Wings,Detroit,de Detroit,DET,Grayden,Robertson-Palmer,
7,13,205,55,SEA,https://assets.nhle.com/logos/nhl/svg/SEA_light.svg,https://assets.nhle.com/logos/nhl/svg/SEA_dark.svg,CBJ-SEA,D,SWE,73,188,SWEDEN-JR.,HV71 Jr.,2025,2026-01-02T20:32:03.315224,NHL Draft API,Seattle Kraken,Kraken de Seattle,Kraken,Seattle,de Seattle,SEA,Karl,Annborn,
7,14,206,14,TBL,https://assets.nhle.com/logos/nhl/svg/TBL_light.svg,https://assets.nhle.com/logos/nhl/svg/TBL_dark.svg,UTA-TBL,C,RUS,72,170,RUSSIA-JR.,Yaroslavl Jr.,2025,2026-01-02T20:32:03.315224,NHL Draft API,Tampa Bay Lightning,Lightning de Tampa Bay,Lightning,Tampa Bay,de Tampa Bay,TBL,Roman,Luttsev,
7,15,207,23,VAN,https://assets.nhle.com/logos/nhl/svg/VAN_light.svg,https://assets.nhle.com/logos/nhl/svg/VAN_dark.svg,VAN,C,USA,73,186,USHL,Fargo,2025,2026-01-02T20:32:03.315224,NHL Draft API,Vancouver Canucks,Canucks de Vancouver,Canucks,Vancouver,de Vancouver,VAN,Matthew,Lansing,
7,16,208,20,CGY,https://assets.nhle.com/logos/nhl/svg/CGY_light.svg,https://assets.nhle.com/logos/nhl/svg/CGY_dark.svg,CGY,D,SWE,76,196,SWEDEN-JR.,HV71 Jr.,2025,2026-01-02T20:32:03.315224,NHL Draft API,Calgary Flames,Flames de Calgary,Flames,Calgary,de Calgary,CGY,Jakob,Leander,
7,17,209,8,MTL,https://assets.nhle.com/logos/nhl/svg/MTL_light.svg,https://assets.nhle.com/logos/nhl/svg/MTL_dark.svg,MTL,D,USA,74,212,USHL,Cedar Rapids,2025,2026-01-02T20:32:03.315224,NHL Draft API,Montréal Canadiens,Canadiens de Montréal,Canadiens,Montréal,de Montréal,MTL,Maxon,Vig,
7,18,210,28,SJS,https://assets.nhle.com/logos/nhl/svg/SJS_light.svg,https://assets.nhle.com/logos/nhl/svg/SJS_dark.svg,NJD-SJS,LW,USA,68,166,NTDP - USHL,USA U-18,2025,2026-01-02T20:32:03.315224,NHL Draft API,San Jose Sharks,Sharks de San Jose,Sharks,San Jose,de San Jose,SJS,Richard,Gallant,
7,19,211,20,CGY,https://assets.nhle.com/logos/nhl/svg/CGY_light.svg,https://assets.nhle.com/logos/nhl/svg/CGY_dark.svg,STL-DET-CGY,LW,RUS,73,150,RUSSIA-JR.,CSKA Jr.,2025,2026-01-02T20:32:03.315224,NHL Draft API,Calgary Flames,Flames de Calgary,Flames,Calgary,de Calgary,CGY,Yan,Matveiko,
7,20,212,14,TBL,https://assets.nhle.com/logos/nhl/svg/TBL_light.svg,https://assets.nhle.com/logos/nhl/svg/TBL_dark.svg,MIN-TBL,D,CAN,77,185,OHL,Guelph,2025,2026-01-02T20:32:03.315224,NHL Draft API,Tampa Bay Lightning,Lightning de Tampa Bay,Lightning,Tampa Bay,de Tampa Bay,TBL,Grant,Spada,
7,21,213,9,OTT,https://assets.nhle.com/logos/nhl/svg/OTT_light.svg,https://assets.nhle.com/logos/nhl/svg/OTT_dark.svg,OTT,G,RUS,74,187,RUSSIA-JR.,Magnitogorsk Jr.,2025,2026-01-02T20:32:03.315224,NHL Draft API,Ottawa Senators,Sénateurs d'Ottawa,Senators,Ottawa,d'Ottawa,OTT,Andrei,Trofimov,Sénateurs
7,22,214,21,COL,https://assets.nhle.com/logos/nhl/svg/COL_light.svg,https://assets.nhle.com/logos/nhl/svg/COL_dark.svg,COL,C,USA,71,186,USHL,Tri-City,2025,2026-01-02T20:32:03.315224,NHL Draft API,Colorado Avalanche,Avalanche du Colorado,Avalanche,Colorado,du Colorado,COL,Nolan,Roed,
7,23,215,14,TBL,https://assets.nhle.com/logos/nhl/svg/TBL_light.svg,https://assets.nhle.com/logos/nhl/svg/TBL_dark.svg,TBL,RW,CAN,72,172,OHL,Sault Ste. Marie,2025,2026-01-02T20:32:03.315224,NHL Draft API,Tampa Bay Lightning,Lightning de Tampa Bay,Lightning,Tampa Bay,de Tampa Bay,TBL,Marco,Mignosa,
7,24,216,26,LAK,https://assets.nhle.com/logos/nhl/svg/LAK_light.svg,https://assets.nhle.com/logos/nhl/svg/LAK_dark.svg,LAK,D,CAN,72,195,WHL,Kelowna,2025,2026-01-02T20:32:03.315224,NHL Draft API,Los Angeles Kings,Kings de Los Angeles,Kings,Los Angeles,de Los Angeles,LAK,William,Sharpe,
7,25,217,10,TOR,https://assets.nhle.com/logos/nhl/svg/TOR_light.svg,https://assets.nhle.com/logos/nhl/svg/TOR_dark.svg,TOR,LW,CAN,75,201,OHL,Kitchener,2025,2026-01-02T20:32:03.315224,NHL Draft API,Toronto Maple Leafs,Maple Leafs de Toronto,Maple Leafs,Toronto,de Toronto,TOR,Matthew,Hlacar,
7,26,218,55,SEA,https://assets.nhle.com/logos/nhl/svg/SEA_light.svg,https://assets.nhle.com/logos/nhl/svg/SEA_dark.svg,VGK-CBJ-SEA,RW,SWE,74,192,SWEDEN-JR.,Linkoping Jr.,2025,2026-01-02T20:32:03.315224,NHL Draft API,Seattle Kraken,Kraken de Seattle,Kraken,Seattle,de Seattle,SEA,Loke,Krantz,
7,27,219,7,BUF,https://assets.nhle.com/logos/nhl/svg/BUF_light.svg,https://assets.nhle.com/logos/nhl/svg/BUF_dark.svg,WSH-SJS-BUF,C,USA,70,176,USHL,Youngstown,2025,2026-01-02T20:32:03.315224,NHL Draft API,Buffalo Sabres,Sabres de Buffalo,Sabres,Buffalo,de Buffalo,BUF,Ryan,Rucinski,
7,28,220,52,WPG,https://assets.nhle.com/logos/nhl/svg/WPG_light.svg,https://assets.nhle.com/logos/nhl/svg/WPG_dark.svg,WPG,RW,CAN,70,171,OHL,Saginaw,2025,2026-01-02T20:32:03.315224,NHL Draft API,Winnipeg Jets,Jets de Winnipeg,Jets,Winnipeg,de Winnipeg,WPG,Jacob,Cloutier,
7,29,221,12,CAR,https://assets.nhle.com/logos/nhl/svg/CAR_light.svg,https://assets.nhle.com/logos/nhl/svg/CAR_dark.svg,CAR,RW,SWE,70,170,OHL,Ottawa,2025,2026-01-02T20:32:03.315224,NHL Draft API,Carolina Hurricanes,Hurricanes de la Caroline,Hurricanes,Carolina,de la Caroline,CAR,Filip,Ekberg,
7,30,222,25,DAL,https://assets.nhle.com/logos/nhl/svg/DAL_light.svg,https://assets.nhle.com/logos/nhl/svg/DAL_dark.svg,DAL,RW,CAN,74,207,OHL,Guelph,2025,2026-01-02T20:32:03.315224,NHL Draft API,Dallas Stars,Stars de Dallas,Stars,Dallas,de Dallas,DAL,Charlie,Paquette,
7,31,223,22,EDM,https://assets.nhle.com/logos/nhl/svg/EDM_light.svg,https://assets.nhle.com/logos/nhl/svg/EDM_dark.svg,EDM,C,USA,73,188,USHL,Green Bay,2025,2026-01-02T20:32:03.315224,NHL Draft API,Edmonton Oilers,Oilers d'Edmonton,Oilers,Edmonton,d'Edmonton,EDM,Aidan,Park,
7,32,224,13,FLA,https://assets.nhle.com/logos/nhl/svg/FLA_light.svg,https://assets.nhle.com/logos/nhl/svg/FLA_dark.svg,FLA,G,RUS,78,176,RUSSIA-JR.,Spartak Jr.,2025,2026-01-02T20:32:03.315224,NHL Draft API,Florida Panthers,Panthers de la Floride,Panthers,Florida,de la Floride,FLA,Yegor,Midlak,
